<?xml version="1.0" encoding="UTF-8"?>
<?xml-stylesheet type="text/xsl" href="student.xslt"?>
<students>
    <student>
        <usn>MCA012</usn>
        <name>Atharva Mali</name>
        <college>VJTI, Mumbai</college>
        <branch>MCA</branch>
        <year>2023</year>
        <email>atharva@vjti.in</email>
    </student>
    <student>
        <usn>BCA304</usn>
        <name>Praniket Utturkar</name>
        <college>SPPU, Pune</college>
        <branch>BCA</branch>
        <year>2021</year>
        <email>praniket@sppu.edu</email>
    </student>
    <student>
        <usn>MSC026</usn>
        <name>Tushar Netale</name>
        <college>VIT, Pune</college>
        <branch>MSc</branch>
        <year>2019</year>
        <email>tushar@vit.ac.in</email>
    </student>
</students>