<?xml version="1.0" encoding="UTF-8"?>
<users>
    <user>
        <id>1</id>
        <name>Alice</name>
        <age>25</age>
        <email>alice@example.com</email>
    </user>
    <user>
        <id>2</id>
        <name>Bob</name>
        <age>32</age>
        <email>bob@example.com</email>
    </user>
    <user>
        <id>3</id>
        <name>Charlie</name>
        <age>19</age>
        <email>charlie@example.com</email>
    </user>
    <user>
        <id>4</id>
        <name>David</name>
        <age>41</age>
        <email>david@example.com</email>
    </user>
    <user>
        <id>5</id>
        <name>Eve</name>
        <age>28</age>
        <email>eve@example.com</email>
    </user>
    <user>
        <id>6</id>
        <name>Frank</name>
        <age>36</age>
        <email>frank@example.com</email>
    </user>
    <user>
        <id>7</id>
        <name>Grace</name>
        <age>22</age>
        <email>grace@example.com</email>
    </user>
    <user>
        <id>8</id>
        <name>Harry</name>
        <age>29</age>
        <email>harry@example.com</email>
    </user>
    <user>
        <id>9</id>
        <name>Isabelle</name>
        <age>24</age>
        <email>isabelle@example.com</email>
    </user>
    <user>
        <id>10</id>
        <name>Jack</name>
        <age>31</age>
        <email>jack@example.com</email>
    </user>
</users>